locus	s_L	s_n_cs	s_max_pip	s_top_snp	s_converged	s_sigma2	s_cs_sizes	s_cs_lbf	s_cs_purity	f_n_cred	f_max_pip	f_top_snp	f_exp_k	f_pr_k5	f_best_prob
001	5	0	0.0808	rs2802535	TRUE	0.9995	""	""	""	2	0.1125	rs17381287	1.39	0	0.0565
002	5	1	0.0803	rs7544605	TRUE	0.9994	22	21.04	0.856	2	0.0817	rs7544605	1.16	0	0.0682
003	5	1	0.036	rs17273111	TRUE	0.9995	281	16.57	0.753	2	0.0385	rs17273111	1.08	0	0.0342
004	5	1	0.8436	rs6778768	TRUE	0.9992	2	11.83	0.967	3	0.7753	rs6778768	2.33	0	0.113
005	5	1	0.1217	rs76905983	TRUE	0.9996	14	12.63	0.96	2	0.1269	rs76905983	1.24	0	0.0925
007	5	1	0.0375	rs644219	TRUE	0.9995	51	16.2	0.961	2	0.035	rs644219	1.25	0	0.0261
008	5	1	0.6549	rs3764002	TRUE	0.9995	3	13.03	0.903	2	0.6662	rs3764002	1.22	0	0.5253
009	5	1	0.0497	rs4781382	TRUE	0.9996	60	13.73	0.8	2	0.0525	rs4781382	1.18	0	0.042
010	5	1	0.008	rs58879558	TRUE	0.9995	1875	17.21	0.931	2	0.0098	rs58879558	1.05	0	0.0081
011	5	1	0.4982	rs28758902	TRUE	0.9993	14	10.35	0.744	2	0.491	rs28758902	2.1	0	0.09
012	5	1	0.0818	rs11671968	TRUE	0.9996	49	13.07	0.603	2	0.0823	rs11671968	1.15	0	0.072
013	5	1	0.1019	rs2263655	TRUE	0.9996	51	13.39	0.661	2	0.1033	rs2263655	1.16	0	0.0898
